box	vcpu	numa_nodes	pass	arm	threads	sysbench_procs	tps	server_busy_pct	p95_ms_worst	us_cpu_per_txn	errors
r8i.16xlarge	64	1	A	base	32	1	12321.64	14.21	4.10	738.1	0
r8i.16xlarge	64	1	A	base	64	1	24811.91	33.38	3.36	861.0	0
r8i.16xlarge	64	1	A	base	128	1	37154.07	70.22	4.25	1209.6	0
r8i.16xlarge	64	1	A	base	256	1	50244.30	85.24	7.30	1085.8	0
r8i.16xlarge	64	1	A	base	512	1	53657.11	97.18	16.41	1159.1	0
r8i.16xlarge	64	1	A	base	1024	2	48491.99	98.13	49.21	1295.1	0
r8i.16xlarge	64	1	A	pgoltob	32	1	12188.81	13.09	4.33	687.3	0
r8i.16xlarge	64	1	A	pgoltob	64	1	25317.28	31.14	3.30	787.2	0
r8i.16xlarge	64	1	A	pgoltob	128	1	38212.86	66.63	4.10	1115.9	0
r8i.16xlarge	64	1	A	pgoltob	256	1	53471.75	84.94	6.67	1016.6	0
r8i.16xlarge	64	1	A	pgoltob	512	1	57473.09	96.05	15.00	1069.6	0
r8i.16xlarge	64	1	A	pgoltob	1024	2	51811.89	97.98	44.17	1210.3	0
r8i.16xlarge	64	1	B	pgoltob	32	1	12637.85	13.53	4.18	685.2	0
r8i.16xlarge	64	1	B	pgoltob	64	1	25172.14	31.09	3.36	790.5	0
r8i.16xlarge	64	1	B	pgoltob	128	1	38335.11	66.96	4.10	1117.9	0
r8i.16xlarge	64	1	B	pgoltob	256	1	53432.14	84.91	6.67	1017.0	0
r8i.16xlarge	64	1	B	pgoltob	512	1	57461.80	95.82	15.00	1067.2	0
r8i.16xlarge	64	1	B	pgoltob	1024	2	51839.46	97.81	44.17	1207.5	0
r8i.16xlarge	64	1	B	base	32	1	12516.24	14.41	3.96	736.8	0
r8i.16xlarge	64	1	B	base	64	1	24760.21	33.85	3.36	875.0	0
r8i.16xlarge	64	1	B	base	128	1	37020.26	69.97	4.25	1209.6	0
r8i.16xlarge	64	1	B	base	256	1	50057.20	85.03	7.30	1087.1	0
r8i.16xlarge	64	1	B	base	512	1	53443.72	97.23	16.71	1164.4	0
r8i.16xlarge	64	1	B	base	1024	2	48417.10	98.21	47.47	1298.2	0
r8i.8xlarge	32	1	A	base	32	1	6560.81	16.43	6.67	801.4	0
r8i.8xlarge	32	1	A	base	64	1	12915.39	39.30	5.67	973.7	0
r8i.8xlarge	32	1	A	base	128	1	22828.91	81.89	6.79	1147.9	0
r8i.8xlarge	32	1	A	base	256	1	28710.36	98.74	13.22	1100.5	0
r8i.8xlarge	32	1	A	base	512	1	25766.79	99.89	44.17	1240.5	0
r8i.8xlarge	32	1	A	base	1024	2	21935.11	99.88	167.44	1457.1	0
r8i.8xlarge	32	1	A	pgoltob	32	1	6868.50	16.73	6.79	779.4	0
r8i.8xlarge	32	1	A	pgoltob	64	1	13169.05	37.08	5.57	901.0	0
r8i.8xlarge	32	1	A	pgoltob	128	1	23576.84	79.51	6.32	1079.2	0
r8i.8xlarge	32	1	A	pgoltob	256	1	30864.71	98.01	11.65	1016.2	0
r8i.8xlarge	32	1	A	pgoltob	512	1	27710.23	99.88	38.94	1153.4	0
r8i.8xlarge	32	1	A	pgoltob	1024	2	24239.56	99.92	125.52	1319.1	0
r8i.8xlarge	32	1	B	pgoltob	32	1	6641.31	15.35	6.79	739.6	0
r8i.8xlarge	32	1	B	pgoltob	64	1	13351.03	37.18	5.57	891.1	0
r8i.8xlarge	32	1	B	pgoltob	128	1	23542.62	78.99	6.32	1073.7	0
r8i.8xlarge	32	1	B	pgoltob	256	1	30795.82	97.84	11.87	1016.7	0
r8i.8xlarge	32	1	B	pgoltob	512	1	27703.69	99.84	40.37	1153.2	0
r8i.8xlarge	32	1	B	pgoltob	1024	2	24097.44	99.90	150.29	1326.6	0
r8i.8xlarge	32	1	B	base	32	1	6851.81	17.41	6.55	813.1	0
r8i.8xlarge	32	1	B	base	64	1	12808.82	40.04	5.99	1000.3	0
r8i.8xlarge	32	1	B	base	128	1	22659.68	81.30	6.79	1148.1	0
r8i.8xlarge	32	1	B	base	256	1	28916.91	98.87	13.22	1094.1	0
r8i.8xlarge	32	1	B	base	512	1	25687.73	99.91	42.61	1244.6	0
r8i.8xlarge	32	1	B	base	1024	2	21730.01	99.93	137.35	1471.6	0
r8i.4xlarge	16	1	A	base	32	1	6839.58	42.81	6.21	1001.5	0
r8i.4xlarge	16	1	A	base	64	1	11848.46	81.55	6.91	1101.2	0
r8i.4xlarge	16	1	A	base	128	1	13813.77	99.04	13.95	1147.1	0
r8i.4xlarge	16	1	A	base	256	1	13203.15	99.99	34.95	1211.7	0
r8i.4xlarge	16	1	A	base	512	1	11875.47	100.00	95.81	1347.3	0
r8i.4xlarge	16	1	A	base	1024	2	10259.50	100.00	248.83	1559.5	0
r8i.4xlarge	16	1	A	pgoltob	32	1	7114.81	40.26	6.21	905.4	0
r8i.4xlarge	16	1	A	pgoltob	64	1	12248.52	78.41	6.91	1024.3	0
r8i.4xlarge	16	1	A	pgoltob	128	1	15003.56	97.36	12.98	1038.3	0
r8i.4xlarge	16	1	A	pgoltob	256	1	14263.30	99.97	35.59	1121.4	0
r8i.4xlarge	16	1	A	pgoltob	512	1	13300.49	100.00	92.42	1203.0	0
r8i.4xlarge	16	1	A	pgoltob	1024	2	11211.64	100.00	257.95	1427.1	0
r8i.4xlarge	16	1	B	pgoltob	32	1	7056.13	39.78	6.43	902.0	0
r8i.4xlarge	16	1	B	pgoltob	64	1	12460.52	79.50	6.55	1020.8	0
r8i.4xlarge	16	1	B	pgoltob	128	1	15263.87	99.24	12.98	1040.3	0
r8i.4xlarge	16	1	B	pgoltob	256	1	14390.97	99.99	35.59	1111.7	0
r8i.4xlarge	16	1	B	pgoltob	512	1	13308.31	100.00	89.16	1202.3	0
r8i.4xlarge	16	1	B	pgoltob	1024	2	11088.50	100.00	248.83	1442.9	0
r8i.4xlarge	16	1	B	base	32	1	6750.96	42.51	6.91	1007.5	0
r8i.4xlarge	16	1	B	base	64	1	11719.97	79.89	7.30	1090.7	0
r8i.4xlarge	16	1	B	base	128	1	13975.59	99.60	13.46	1140.3	0
r8i.4xlarge	16	1	B	base	256	1	13276.93	99.99	35.59	1205.0	0
r8i.4xlarge	16	1	B	base	512	1	11923.29	100.00	94.10	1341.9	0
r8i.4xlarge	16	1	B	base	1024	2	10271.27	99.99	244.38	1557.6	0
r8i.24xlarge	96	2	A	base	32	1	12541.15	10.00	3.82	765.5	0
r8i.24xlarge	96	2	A	base	64	1	22937.56	24.34	3.68	1018.7	0
r8i.24xlarge	96	2	A	base	128	1	33933.21	41.45	4.74	1172.7	0
r8i.24xlarge	96	2	A	base	256	1	53147.05	69.55	6.91	1256.3	0
r8i.24xlarge	96	2	A	base	512	1	69229.18	88.73	12.30	1230.4	0
r8i.24xlarge	96	2	A	base	1024	2	67998.14	92.52	28.67	1306.2	0
r8i.24xlarge	96	2	A	pgoltob	32	1	12804.39	9.58	3.75	718.3	0
r8i.24xlarge	96	2	A	pgoltob	64	1	24455.79	23.84	3.49	935.8	0
r8i.24xlarge	96	2	A	pgoltob	128	1	35306.47	40.56	4.57	1102.8	0
r8i.24xlarge	96	2	A	pgoltob	256	1	54136.02	66.26	6.67	1175.0	0
r8i.24xlarge	96	2	A	pgoltob	512	1	71635.57	86.34	11.87	1157.1	0
r8i.24xlarge	96	2	A	pgoltob	1024	2	70893.05	92.22	26.68	1248.8	0
r8i.24xlarge	96	2	B	pgoltob	32	1	12754.87	9.54	3.89	718.0	0
r8i.24xlarge	96	2	B	pgoltob	64	1	23363.39	23.42	3.62	962.3	0
r8i.24xlarge	96	2	B	pgoltob	128	1	34946.18	40.62	4.65	1115.9	0
r8i.24xlarge	96	2	B	pgoltob	256	1	53871.07	65.43	6.67	1166.0	0
r8i.24xlarge	96	2	B	pgoltob	512	1	71553.68	86.31	11.87	1158.0	0
r8i.24xlarge	96	2	B	pgoltob	1024	2	73032.03	92.11	26.68	1210.8	0
r8i.24xlarge	96	2	B	base	32	1	13104.56	10.20	3.55	747.2	0
r8i.24xlarge	96	2	B	base	64	1	23423.63	24.74	3.55	1014.0	0
r8i.24xlarge	96	2	B	base	128	1	33862.66	39.71	4.82	1125.8	0
r8i.24xlarge	96	2	B	base	256	1	50324.56	61.59	7.43	1174.9	0
r8i.24xlarge	96	2	B	base	512	1	69474.29	88.02	12.30	1216.3	0
r8i.24xlarge	96	2	B	base	1024	2	69441.91	92.88	27.66	1284.0	0
r8i.48xlarge (96 vCPU)	96	3	A	base	32	1	12498.78	11.78	3.89	904.8	0
r8i.48xlarge (96 vCPU)	96	3	A	base	64	1	20594.75	25.70	4.10	1198.0	0
r8i.48xlarge (96 vCPU)	96	3	A	base	128	1	26606.74	30.36	6.55	1095.4	0
r8i.48xlarge (96 vCPU)	96	3	A	base	256	1	42570.46	54.09	9.39	1219.8	0
r8i.48xlarge (96 vCPU)	96	3	A	base	512	1	61184.14	86.59	15.00	1358.6	0
r8i.48xlarge (96 vCPU)	96	3	A	base	1024	2	64983.79	91.47	33.12	1351.3	0
r8i.48xlarge (96 vCPU)	96	3	A	base	1536	3	60304.44	91.49	62.19	1456.4	0
r8i.48xlarge (96 vCPU)	96	3	A	base	2048	4	59709.53	91.47	89.16	1470.6	0
r8i.48xlarge (96 vCPU)	96	3	A	pgoltob	32	1	12992.33	11.07	3.68	818.0	0
r8i.48xlarge (96 vCPU)	96	3	A	pgoltob	64	1	22149.22	25.56	3.75	1107.8	0
r8i.48xlarge (96 vCPU)	96	3	A	pgoltob	128	1	28694.60	29.90	6.09	1000.3	0
r8i.48xlarge (96 vCPU)	96	3	A	pgoltob	256	1	44091.17	52.79	8.90	1149.4	0
r8i.48xlarge (96 vCPU)	96	3	A	pgoltob	512	1	64845.60	83.80	13.22	1240.6	0
r8i.48xlarge (96 vCPU)	96	3	A	pgoltob	1024	2	64466.59	90.23	31.94	1343.7	0
r8i.48xlarge (96 vCPU)	96	3	A	pgoltob	1536	3	69107.77	90.81	43.39	1261.5	0
r8i.48xlarge (96 vCPU)	96	3	A	pgoltob	2048	4	58201.39	91.19	86.00	1504.1	0
r8i.48xlarge (96 vCPU)	96	3	B	pgoltob	32	1	12438.83	10.71	4.03	826.6	0
r8i.48xlarge (96 vCPU)	96	3	B	pgoltob	64	1	22094.31	25.29	3.68	1098.9	0
r8i.48xlarge (96 vCPU)	96	3	B	pgoltob	128	1	28720.12	29.66	6.09	991.4	0
r8i.48xlarge (96 vCPU)	96	3	B	pgoltob	256	1	42999.60	51.73	8.90	1154.9	0
r8i.48xlarge (96 vCPU)	96	3	B	pgoltob	512	1	63781.56	83.67	13.22	1259.3	0
r8i.48xlarge (96 vCPU)	96	3	B	pgoltob	1024	2	63711.76	90.19	31.94	1359.0	0
r8i.48xlarge (96 vCPU)	96	3	B	pgoltob	1536	3	68283.31	90.53	43.39	1272.8	0
r8i.48xlarge (96 vCPU)	96	3	B	pgoltob	2048	4	58022.87	91.09	89.16	1507.1	0
r8i.48xlarge (96 vCPU)	96	3	B	base	32	1	12741.87	12.00	3.89	904.1	0
r8i.48xlarge (96 vCPU)	96	3	B	base	64	1	20498.13	25.93	4.03	1214.4	0
r8i.48xlarge (96 vCPU)	96	3	B	base	128	1	27003.11	30.30	6.43	1077.2	0
r8i.48xlarge (96 vCPU)	96	3	B	base	256	1	44754.09	56.98	9.06	1222.3	0
r8i.48xlarge (96 vCPU)	96	3	B	base	512	1	61556.98	87.25	15.55	1360.7	0
r8i.48xlarge (96 vCPU)	96	3	B	base	1024	2	65325.18	92.30	33.72	1356.4	0
r8i.48xlarge (96 vCPU)	96	3	B	base	1536	3	60180.26	92.35	62.19	1473.2	0
r8i.48xlarge (96 vCPU)	96	3	B	base	2048	4	59151.54	92.24	89.16	1497.0	0
