box	threads	base_tps_A	base_tps_B	pgoltob_tps_A	pgoltob_tps_B	base_mean	pgoltob_mean	delta_tps_pct	base_spread_pct	pgoltob_spread_pct	distinguishable	base_busy_pct	delta_cpu_per_txn_pct
r8i.4xlarge	32	6839.58	6750.96	7114.81	7056.13	6795.3	7085.5	+4.27	1.30	0.83	yes	42.7	-10.0
r8i.4xlarge	64	11848.46	11719.97	12248.52	12460.52	11784.2	12354.5	+4.84	1.09	1.72	yes	80.7	-6.7
r8i.4xlarge	128	13813.77	13975.59	15003.56	15263.87	13894.7	15133.7	+8.92	1.16	1.72	yes	99.3	-9.1
r8i.4xlarge	256	13203.15	13276.93	14263.30	14390.97	13240.0	14327.1	+8.21	0.56	0.89	yes	100.0	-7.6
r8i.4xlarge	512	11875.47	11923.29	13300.49	13308.31	11899.4	13304.4	+11.81	0.40	0.06	yes	100.0	-10.6
r8i.4xlarge	1024	10259.50	10271.27	11211.64	11088.50	10265.4	11150.1	+8.62	0.11	1.10	yes	100.0	-7.9
r8i.8xlarge	32	6560.81	6851.81	6868.50	6641.31	6706.3	6754.9	+0.72	4.34	3.36	no	16.9	-5.9
r8i.8xlarge	64	12915.39	12808.82	13169.05	13351.03	12862.1	13260.0	+3.09	0.83	1.37	yes	39.7	-9.2
r8i.8xlarge	128	22828.91	22659.68	23576.84	23542.62	22744.3	23559.7	+3.59	0.74	0.15	yes	81.6	-6.2
r8i.8xlarge	256	28710.36	28916.91	30864.71	30795.82	28813.6	30830.3	+7.00	0.72	0.22	yes	98.8	-7.4
r8i.8xlarge	512	25766.79	25687.73	27710.23	27703.69	25727.3	27707.0	+7.69	0.31	0.02	yes	99.9	-7.2
r8i.8xlarge	1024	21935.11	21730.01	24239.56	24097.44	21832.6	24168.5	+10.70	0.94	0.59	yes	99.9	-9.7
r8i.16xlarge	32	12321.64	12516.24	12188.81	12637.85	12418.9	12413.3	-0.05	1.57	3.62	no	14.3	-6.9
r8i.16xlarge	64	24811.91	24760.21	25317.28	25172.14	24786.1	25244.7	+1.85	0.21	0.57	yes	33.6	-9.1
r8i.16xlarge	128	37154.07	37020.26	38212.86	38335.11	37087.2	38274.0	+3.20	0.36	0.32	yes	70.1	-7.7
r8i.16xlarge	256	50244.30	50057.20	53471.75	53432.14	50150.8	53451.9	+6.58	0.37	0.07	yes	85.1	-6.4
r8i.16xlarge	512	53657.11	53443.72	57473.09	57461.80	53550.4	57467.4	+7.31	0.40	0.02	yes	97.2	-8.0
r8i.16xlarge	1024	48491.99	48417.10	51811.89	51839.46	48454.5	51825.7	+6.96	0.15	0.05	yes	98.2	-6.8
r8i.24xlarge	32	12541.15	13104.56	12804.39	12754.87	12822.9	12779.6	-0.34	4.39	0.39	no	10.1	-5.1
r8i.24xlarge	64	22937.56	23423.63	24455.79	23363.39	23180.6	23909.6	+3.14	2.10	4.57	no	24.5	-6.6
r8i.24xlarge	128	33933.21	33862.66	35306.47	34946.18	33897.9	35126.3	+3.62	0.21	1.03	yes	40.6	-3.5
r8i.24xlarge	256	53147.05	50324.56	54136.02	53871.07	51735.8	54003.5	+4.38	5.46	0.49	no	65.6	-3.7
r8i.24xlarge	512	69229.18	69474.29	71635.57	71553.68	69351.7	71594.6	+3.23	0.35	0.11	yes	88.4	-5.4
r8i.24xlarge	1024	67998.14	69441.91	70893.05	73032.03	68720.0	71962.5	+4.72	2.10	2.97	yes	92.7	-5.0
r8i.48xlarge (96 vCPU)	32	12498.78	12741.87	12992.33	12438.83	12620.3	12715.6	+0.75	1.93	4.35	no	11.9	-9.1
r8i.48xlarge (96 vCPU)	64	20594.75	20498.13	22149.22	22094.31	20546.4	22121.8	+7.67	0.47	0.25	yes	25.8	-8.5
r8i.48xlarge (96 vCPU)	128	26606.74	27003.11	28694.60	28720.12	26804.9	28707.4	+7.10	1.48	0.09	yes	30.3	-8.3
r8i.48xlarge (96 vCPU)	256	42570.46	44754.09	44091.17	42999.60	43662.3	43545.4	-0.27	5.00	2.51	no	55.5	-5.6
r8i.48xlarge (96 vCPU)	512	61184.14	61556.98	64845.60	63781.56	61370.6	64313.6	+4.80	0.61	1.65	yes	86.9	-8.1
r8i.48xlarge (96 vCPU)	1024	64983.79	65325.18	64466.59	63711.76	65154.5	64089.2	-1.64	0.52	1.18	yes	91.9	-0.2
r8i.48xlarge (96 vCPU)	1536	60304.44	60180.26	69107.77	68283.31	60242.4	68695.5	+14.03	0.21	1.20	yes	91.9	-13.5
r8i.48xlarge (96 vCPU)	2048	59709.53	59151.54	58201.39	58022.87	59430.5	58112.1	-2.22	0.94	0.31	yes	91.9	+1.5
