pass	seq	arm	tps	qps	p95_ms	err_s	node0_busy	md5	start_utc
A	1	base	38055.66	761110.51	8.09	0.000	71.1	c24a0fd87d	08:57:40
A	2	pgo	43089.99	861799.78	7.57	0.006	71.9	541febfda0	09:11:49
A	3	pgolto	44775.32	895506.19	7.39	0.006	72.2	5150434da0	09:25:56
A	4	afdo	41473.51	829471.15	7.70	0.006	71.8	4f75c8c4e1	09:40:03
A	5	afdolto	39783.40	795667.13	7.91	0.011	71.1	d9fed8d2b7	09:54:10
A	6	pgob	43581.44	871628.63	7.52	0.000	71.9	56ad6e8954	10:08:18
A	7	pgoltob	46034.46	920688.88	7.26	0.011	72.5	9d91b69d74	10:22:26
A	8	afdob	43129.73	862594.29	7.51	0.006	71.9	6a863aad78	10:36:33
A	9	afdoltob	43305.72	866113.24	7.54	0.000	71.8	b02eea9a20	10:50:41
B	1	afdoltob	43094.95	861899.58	7.58	0.006	71.7	b02eea9a20	11:04:50
B	2	afdob	42795.82	855915.55	7.58	0.006	72.0	6a863aad78	11:18:59
B	3	pgoltob	46041.62	920832.89	7.29	0.006	72.5	9d91b69d74	11:33:06
B	4	pgob	43272.94	865458.91	7.58	0.006	72.0	56ad6e8954	11:47:15
B	5	afdolto	39703.42	794069.15	7.92	0.006	71.1	d9fed8d2b7	12:01:23
B	6	afdo	41231.66	824633.69	7.72	0.000	71.6	4f75c8c4e1	12:15:32
B	7	pgolto	44472.21	889444.81	7.45	0.000	72.0	5150434da0	12:29:41
B	8	pgo	43023.95	860479.32	7.56	0.006	71.9	541febfda0	12:43:49
B	9	base	38103.51	762069.29	8.11	0.000	71.2	c24a0fd87d	12:57:56
