A	base	64	5553.3	5.1	2.9	1
A	base	128	13123.1	10.0	7.0	1
A	afdo	64	5733.9	4.6	3.0	1
A	afdo	128	13368.9	8.8	7.2	1
A	afdolto	64	5647.9	4.4	3.0	1
A	afdolto	128	13299.0	8.9	7.2	1
A	afdoltob	64	5751.3	4.3	3.0	1
A	afdoltob	128	13212.1	8.4	7.1	1
A	pgo	64	5741.9	4.4	3.0	1
A	pgo	128	13286.6	8.7	7.0	1
A	pgolto	64	5832.3	4.3	3.1	1
A	pgolto	128	13353.9	8.4	7.2	1
A	pgoltob	64	6074.6	4.3	3.2	1
A	pgoltob	128	13852.8	8.3	7.6	1
B	pgoltob	64	5820.6	4.3	3.0	1
B	pgoltob	128	13463.8	8.3	7.2	1
B	pgolto	64	5774.5	4.3	3.0	1
B	pgolto	128	13506.1	8.5	7.2	1
B	pgo	64	5927.0	4.5	3.1	1
B	pgo	128	13473.3	9.0	7.3	1
B	afdoltob	64	5759.1	4.3	3.0	1
B	afdoltob	128	13847.6	8.4	7.4	1
B	afdolto	64	5679.8	4.4	3.0	1
B	afdolto	128	13158.3	8.8	7.2	1
B	afdo	64	5778.8	4.6	3.0	1
B	afdo	128	13402.5	9.0	7.2	1
B	base	64	5545.7	5.1	2.9	1
B	base	128	13235.0	9.9	7.0	1
