pass	seq	arm	tps	qps	p95_ms	err_s	srv_busy	cli_busy	md5	start_utc
A	1	base	59278.38	1185567.45	81.30	0.174	67.4	27.5	c24a0fd87d	10:24:01
A	2	pgo	60480.43	1209617.93	80.31	0.204	63.4	28.0	e5a249fd62	10:39:22
A	3	pgolto	59468.34	1189383.10	79.99	0.186	64.0	27.8	376318e19f	10:54:40
A	4	afdo	60115.80	1202345.19	82.45	0.183	64.9	28.1	3118898574	11:09:58
A	5	afdolto	59778.24	1195586.98	79.05	0.188	68.1	27.8	38ef3c9db2	11:25:18
A	6	pgob	61916.48	1238295.93	81.54	0.207	62.2	28.2	f52eb72ef0	11:40:35
A	7	pgoltob	61412.38	1228314.23	81.39	0.226	59.8	28.5	a58b2d024d	11:55:52
A	8	afdob	60897.37	1217915.69	79.62	0.238	62.8	28.3	2378642484	12:11:10
A	9	afdoltob	61771.45	1235432.75	78.05	0.215	67.5	28.6	2d3b38b0de	12:26:32
B	1	afdoltob	63579.10	1271606.69	77.90	0.207	65.5	29.2	2d3b38b0de	12:41:48
B	2	afdob	61103.27	1222127.36	83.60	0.166	60.4	28.4	2378642484	12:57:02
B	3	pgoltob	61568.80	1231353.51	79.15	0.160	60.6	28.3	a58b2d024d	13:12:17
B	4	pgob	61254.73	1225137.27	80.95	0.179	63.2	28.5	f52eb72ef0	13:27:35
B	5	afdolto	61250.35	1225045.60	78.30	0.217	66.8	28.2	38ef3c9db2	13:42:55
B	6	afdo	60670.13	1213418.77	83.70	0.171	61.9	28.2	3118898574	13:58:13
B	7	pgolto	60178.04	1203585.36	78.50	0.188	62.6	28.0	376318e19f	14:13:32
B	8	pgo	60921.04	1218432.97	79.05	0.188	64.3	28.6	e5a249fd62	14:28:52
B	9	base	58845.03	1176919.74	81.87	0.187	65.2	27.5	c24a0fd87d	14:44:10
