01-base	32	2614.5	3.5	0.3	0.00	1	0	0
01-base	64	5788.5	5.6	1.4	0.00	1	0	0
01-base	128	14907.2	10.7	7.7	0.00	1	0	0
01-base	256	38203.9	23.1	22.4	0.00	1	0	0
01-base	512	56784.9	35.0	37.6	0.00	2	0	0
01-base	1024	74215.3	63.1	50.4	0.00	4	0	0
02-sbpgoltob	32	2737.7	2.9	0.4	0.00	1	0	0
02-sbpgoltob	64	6183.2	4.8	1.6	0.00	1	0	0
02-sbpgoltob	128	14985.6	9.2	7.4	0.00	1	0	0
02-sbpgoltob	256	39644.6	19.9	23.3	0.00	1	0	0
02-sbpgoltob	512	60155.1	31.2	41.0	0.00	2	0	0
02-sbpgoltob	1024	73307.4	59.5	49.7	0.00	4	0	0
03-hdbpgoltob	32	2682.2	3.0	0.4	0.00	1	0	0
03-hdbpgoltob	64	6172.5	5.0	1.6	0.00	1	0	0
03-hdbpgoltob	128	15269.2	9.7	7.9	0.00	1	0	0
03-hdbpgoltob	256	39082.8	20.6	22.8	0.00	1	0	0
03-hdbpgoltob	512	59899.1	32.9	40.9	0.00	2	0	0
03-hdbpgoltob	1024	71465.7	64.0	49.0	0.00	4	0	0
04-hdbpgoltob	32	2670.9	3.1	0.4	0.00	1	0	0
04-hdbpgoltob	64	6051.9	5.0	1.4	0.00	1	0	0
04-hdbpgoltob	128	14993.4	9.6	7.5	0.00	1	0	0
04-hdbpgoltob	256	38929.8	21.1	22.6	0.00	1	0	0
04-hdbpgoltob	512	58506.5	32.2	39.7	0.00	2	0	0
04-hdbpgoltob	1024	73772.8	63.8	49.9	0.00	4	0	0
05-sbpgoltob	32	2734.9	2.9	0.4	0.00	1	0	0
05-sbpgoltob	64	6210.0	4.9	1.5	0.00	1	0	0
05-sbpgoltob	128	15207.8	9.1	7.6	0.00	1	0	0
05-sbpgoltob	256	39507.2	20.0	23.2	0.00	1	0	0
05-sbpgoltob	512	60272.6	31.8	41.2	0.00	2	0	0
05-sbpgoltob	1024	74008.5	59.3	50.1	0.00	4	0	0
06-base	32	2458.1	3.4	0.3	0.00	1	0	0
06-base	64	5811.2	5.7	1.3	0.00	1	0	0
06-base	128	15029.7	11.0	8.0	0.00	1	0	0
06-base	256	38092.1	23.6	22.1	0.00	1	0	0
06-base	512	55759.2	35.3	36.8	0.00	2	0	0
06-base	1024	73655.9	63.4	50.2	0.00	4	0	0
