pass	threads	p95_ms
01-base	32	16.47
01-base	64	15.39
01-base	128	13.91
01-base	256	7.43
01-base	512	11.83
01-base	1024	20.07
02-sbpgoltob	32	16.04
02-sbpgoltob	64	14.49
02-sbpgoltob	128	13.63
02-sbpgoltob	256	7.17
02-sbpgoltob	512	11.20
02-sbpgoltob	1024	20.53
03-hdbpgoltob	32	16.53
03-hdbpgoltob	64	14.72
03-hdbpgoltob	128	13.47
03-hdbpgoltob	256	7.17
03-hdbpgoltob	512	11.04
03-hdbpgoltob	1024	20.81
04-hdbpgoltob	32	16.21
04-hdbpgoltob	64	14.82
04-hdbpgoltob	128	13.75
04-hdbpgoltob	256	7.30
04-hdbpgoltob	512	11.64
04-hdbpgoltob	1024	20.14
05-sbpgoltob	32	15.85
05-sbpgoltob	64	14.41
05-sbpgoltob	128	13.40
05-sbpgoltob	256	7.17
05-sbpgoltob	512	11.25
05-sbpgoltob	1024	20.26
06-base	32	17.61
06-base	64	15.35
06-base	128	13.62
06-base	256	7.40
06-base	512	12.18
06-base	1024	20.25
